idx1,idx2,t_x,t_y,t_z,q_w,q_x,q_y,q_z
643,456,-4.3284934319736,-5.76281697543767,-0.74519599142,0.999709198802746,0.0168596885066202,0.000616225985072419,-0.0172304671488069
0,456,0.960934483080504,1.8221339090776,-0.174172942948,0.543717415764284,-0.00582557221576676,0.0111554518084263,-0.839173992922753
645,189,-0.666134774322387,4.30285330421818,-0.121591196312,0.765295644462435,0.00352529959341506,0.00844996765427172,0.643613818120963