idx1,idx2,t_x,t_y,t_z,q_w,q_x,q_y,q_z
643,456,-4.382037298516101,-5.862927366322151,-1.0060765119858335,0.9997640898229918,0.012090978475217501,0.0058373185960602664,-0.017073331588323352
0,456,0.9897074742848273,1.7164674057694422,-0.13744879799387744,-0.5442035929836387,0.0026942738808409168,-0.006903306707538558,0.8389204578674039
645,189,-0.609386200829236,4.185799862906377,-0.09217751265915752,0.7635073897100935,0.001873205229395615,0.008175349363382491,0.6457446249277145